train_losses,train_accuracies,val_losses,val_accuracies
0.3579643191045705,0.8484256582545512,0.30287290513515475,0.8778125
0.28717249819325025,0.8794437065395734,0.3264560627937317,0.8659375
0.261627867957588,0.8951480584420658,0.2852565610408783,0.87875
0.2131132036447525,0.9136651300882881,0.23169731736183166,0.9046875
0.18644927096875424,0.9224939448394406,0.23497584760189055,0.90375
0.16551517841184743,0.9335885616063755,0.22232974588871002,0.9078125
0.16475722219564176,0.9321822017345105,0.21602358907461167,0.9103125
0.1615731157900924,0.9353074458942104,0.2180216634273529,0.9103125
